<keymap version="1" name="VSCode copy" parent="VSCode">
  <action id="ActivateProjectToolWindow">
    <keyboard-shortcut first-keystroke="shift ctrl e" />
    <keyboard-shortcut first-keystroke="ctrl n" />
  </action>
  <action id="ActivateTerminalToolWindow">
    <keyboard-shortcut first-keystroke="ctrl back_quote" />
    <keyboard-shortcut first-keystroke="alt i" />
  </action>
  <action id="BraceOrQuoteOut" />
  <action id="CloseContent">
    <keyboard-shortcut first-keystroke="ctrl w" />
    <keyboard-shortcut first-keystroke="ctrl p" />
  </action>
  <action id="EditorChooseLookupItemReplace" />
  <action id="EditorIndentSelection" />
  <action id="ExpandLiveTemplateByTab" />
  <action id="FileChooser.NewFile" />
  <action id="GotoFile" />
  <action id="NextParameter" />
  <action id="NextTab">
    <keyboard-shortcut first-keystroke="ctrl page_down" />
    <keyboard-shortcut first-keystroke="ctrl l" />
  </action>
  <action id="NextTemplateParameter">
    <keyboard-shortcut first-keystroke="enter" />
  </action>
  <action id="PreviousTab">
    <keyboard-shortcut first-keystroke="ctrl page_up" />
    <keyboard-shortcut first-keystroke="ctrl h" />
  </action>
  <action id="Replace" />
  <action id="SearchEverywhere.CompleteCommand" />
  <action id="SearchEverywhere.NextTab" />
  <action id="SplitChooser.NextWindow" />
  <action id="Tab" />
  <action id="Terminal.ClearBuffer" />
  <action id="Terminal.NextSplitter">
    <keyboard-shortcut first-keystroke="ctrl k" second-keystroke="ctrl right" />
  </action>
  <action id="Terminal.PrevSplitter">
    <keyboard-shortcut first-keystroke="ctrl k" second-keystroke="ctrl left" />
  </action>
  <action id="Vcs.Log.FocusTextFilter" />
</keymap>